numNodes,txPackets,rxPackets,delaySumSeconds,rxBytes,throughputKbps,avgDelayMs,lossRatioPercent
2,121,121,0.14845,127292,203.667,1.22686,0
5,480,422,3.51531,443944,710.31,8.33013,12.0833
10,1067,598,0.911001,629096,1006.55,1.52341,43.955
15,1638,598,0.984521,629096,1006.55,1.64636,63.4921
20,2194,540,3.72564,568080,908.928,6.89934,75.3874
25,2735,598,0.84106,629096,1006.55,1.40645,78.1353
30,3260,598,0.88103,629096,1006.55,1.47329,81.6564
